ID,
Location,
Region
1,
Ellon,
274
2,
Newcastle Under Lyme,
61
4,
Beverley,
53
5,
Unknown England,
6
6,
Online,
1
7,
Nottingham,
67
8,
Kings Lynn,
71
9,
Bristol,
58
10,
Chilwell,
67
11,
Ockbrook,
80
12,
Derby,
80
13,
London,
2
14,
Beeston,
67
15,
Long Eaton,
80
16,
Loughborough,
66
17,
Ilkeston,
80
18,
Lutterworth,
66
19,
Thulston,
80
20,
New York,
191
21,
Shefford,
60
22,
Stafford,
61
23,
Shardlow,
80
25,
Loughton,
82
26,
Birmingham,
202
27,
Belper,
80
28,
Potton,
60
29,
Sandy,
60
30,
Olu Deniz,
183
31,
Warsaw,
249
32,
Kettering,
83
33,
Harrington,
83
34,
Melbourne,
80
35,
Brussels,
21
36,
Brugge,
24
37,
Brackenfield,
80
38,
Leicester,
66
39,
Ramsgate,
81
40,
Faversham,
81
41,
Whitstable,
81
42,
Canterbury,
81
43,
Unknown Wales,
7
44,
Ilford,
82
45,
Spondon,
80
46,
Wollaton,
67
47,
Barkingside,
82
48,
Bridlington,
53
49,
Glasgow,
163
50,
Weston-on-Trent,
80
51,
Basford,
67
52,
Mapperley,
67
53,
Hartshorne,
80
54,
Sandiacre,
67
55,
Stevenage,
89
56,
Sheffield,
53
57,
St Albans,
89
58,
Peterborough,
69
59,
Old Dalby,
66
60,
Stamford,
62
61,
Robin Hoods Bay,
53
62,
Malton,
53
63,
Whitby,
53
64,
Filey,
53
65,
Las Vegas,
195
66,
Furnace Creek,
187
67,
Yosemite,
187
68,
Bishop,
187
69,
San Francisco,
187
70,
Monterey,
187
71,
Santa Barbera,
187
72,
Hollywood,
187
73,
Dublin,
149
74,
Edinburgh,
157
75,
Manchester,
64
76,
Makeney,
80
77,
Liverpool,
64
78,
Dronfield,
80
79,
Ripley,
80
80,
Bowness,
79
81,
Windermere,
79
82,
Kendal,
79
83,
Staverley,
79
84,
Ings,
79
85,
Rugby,
202
86,
Warwick,
202
87,
Much Hadham,
89
88,
Cape Town,
307
89,
Nairobi,
120
90,
Bath,
58
91,
Radstock,
58
92,
Kegworth,
66
93,
Stone,
61
94,
Potters Bar,
89
95,
Sevilla,
168
96,
Marlpool,
80
97,
Tallinn,
315
98,
Burton-Upon-Trent,
61
99,
Stenson,
80
100,
Willington,
80
101,
Stockholm,
174
102,
Southampton,
73
103,
Copenhagen,
219
104,
Helsinki,
319
105,
Blankenberge,
24
106,
Stirchley,
76
107,
York,
53
108,
Leeds,
53
109,
Coleshill,
202
110,
Nuneaton,
202
111,
Burton-on-Trent,
61
112,
Oxford,
77
113,
West Bridgeford,
67
114,
Giltbrook,
67
115,
Attenborough,
67
116,
Solihull,
202
117,
Little Eaton,
80
118,
Bakewell,
80
119,
Stapleford,
67
120,
Weston-Super-Mare,
58
121,
Appledore,
70
122,
Bideford,
70
123,
Bude,
87
124,
Barnstable,
70
125,
Exeter,
70
126,
Umberleigh,
70
127,
Ilfracombe,
70
128,
Wetherby,
53
129,
Cloughton,
53
130,
Scarborough,
53
131,
Antwerp,
23
132,
Brighton,
57
133,
Eastbourne,
57
134,
Windsor,
90
135,
Lewes,
57
136,
Chesterfield,
80
137,
Amsterdam,
287
138,
Risley,
80
139,
Wantage,
77
140,
Bournemouth,
73
141,
Swanage,
59
142,
Corfe Castle,
59
143,
Ryde,
55
144,
Isle of Wight,
55
145,
Christchurch,
59
146,
Newcastle,
201
147,
Barcelona,
170
148,
Buxton,
80
149,
Ashbourne,
80
150,
Lebberston,
53
151,
Ciutadella,
346
152,
Slough,
90
153,
Eton,
90
154,
Longston,
72
155,
Heathrow,
72
156,
Northampton,
83
157,
Bramcote,
67
158,
Knaresborough,
53
159,
Alnwick,
201
160,
Rennington,
201
161,
Alnmouth,
201
162,
Newton-by-the-Sea,
201
163,
Lindisfarne,
201
164,
Seahouses,
201
165,
Durham,
68
166,
Madrid,
169
167,
Toton,
67
168,
Mansfield,
67
169,
Breaston,
80
170,
Gloucester,
63
171,
Huddersfield,
53
172,
Dersingham,
71
173,
Hunstanton,
71
174,
Heacham,
71
175,
Wells-next-the-Sea,
71
176,
Cala D'Or,
346
177,
Bolsover,
67
178,
Plymouth,
70
179,
Chester,
65
180,
Old Colwyn,
294
181,
Conwy,
199
182,
Llandudno,
199
183,
Colwyn Bay,
294
184,
Rhos on Sea,
199
185,
Sandbach,
65
186,
Budapest,
107
187,
Newark,
67
188,
Bulwell,
67
189,
Worcester,
76
190,
Wroclaw,
144
191,
Reykjavik,
481
192,
Ruddington,
67
193,
Valencia,
335
194,
Lille,
93
195,
Lens,
93
196,
Paris,
251
197,
Lyon,
384
198,
Nice,
386
199,
Marseille,
386
200,
Crich,
80
201,
Surbiton,
88
202,
East Grinstead,
57
203,
Cheltenham,
63
204,
Portishead,
70
205,
Brixham,
70
206,
Paignton,
70
207,
Torquay,
70
208,
Kingswear,
70
209,
Dartmouth,
70
210,
Farnborough,
73
211,
Arnold,
67
212,
Crewe,
65
213,
Lincoln,
62
214,
Longleat,
56
215,
Frome,
58
216,
Coatbridge,
163
217,
Edwinstowe,
67
218,
West Bridgford,
67
219,
Torrox,
168
220,
Nerja,
168
221,
Shrewsbury,
75
222,
Gedling,
67
223,
Erbistock,
199
224,
Ffestiniog,
222
225,
Porthmadog,
222
226,
Pwllheli,
222
227,
Morfa Nefyn,
222
228,
Alsagers Bank,
61
229,
Coventry,
202
230,
Sherwood,
67
231,
Pensarn,
294
232,
Uxbridge,
72
233,
Munich,
95
234,
Portsmouth,
73
235,
Lymington,
73
236,
Ringwood,
73
237,
Market Harborough,
66
238,
Middlesbrough,
53
239,
Wilford,
67
240,
Hersonissos,
397
241,
Bucharest,
400
242,
Luton,
60
243,
Southwold,
54
244,
Wisbech,
69
245,
Aldeburgh,
54
246,
Walberswick,
54
247,
Thorpeness,
54
248,
Horningsea,
69
249,
Harrogate,
53
250,
Milton Keynes,
86
251,
Kimberley,
67
252,
Retford,
67
253,
Margate,
81
254,
Burwardsley,
65
255,
Beddgelert,
222
256,
Betws-y-Coed,
199
257,
Carrog Corwen,
294
258,
Saltash,
87
259,
Woking,
88
260,
Doncaster,
53
261,
Porto,
411
262,
Guimaraes,
410
263,
Lisbon,
145
264,
Ashby de la Zouch,
66
265,
Lowestoft,
54
266,
Beccles,
54
267,
Pudsey,
53
268,
Leek,
61
269,
Chapel St Leonards,
62
270,
Reigate,
88
271,
Reading,
90
272,
Bingham,
67
273,
Gravesend,
81
274,
Maidstone,
81
275,
Dover,
81
276,
Center Parcs Villages Nature,
251
277,
Bailly Romainvilliers,
251
278,
Arras,
93
279,
Val d'Europe,
251
280,
Torcy,
251
281,
Calais,
93
282,
Niš,
420
283,
Sofia City,
451
284,
Desford,
66
285,
Great Yarmouth,
71
286,
Clippesby,
71
287,
Horning,
71
288,
Fosdyke,
62
289,
Newton Abbot,
70
290,
Stroud,
63
291,
Walton,
64
292,
Kirkham Abbey,
53
293,
Edale,
80
294,
Langsett,
53
295,
Hardwick,
80
296,
Perranporth,
87
297,
Falmouth,
87
298,
Penzance,
87
299,
St. Ives,
87
300,
Newquay,
87
301,
St Agnes,
87
302,
Padstow,
87
303,
Limerick,
356
304,
Linby,
67
305,
Poznan,
225
306,
Tamworth,
61
307,
Rothley,
66
308,
Alton,
61
309,
Kusadasi,
183
310,
Izmir,
183
311,
Philadelphia,
192
312,
Watnall,
67
313,
Aberaeron,
353
314,
Llangrannog,
353
315,
Aberystwyth,
353
316,
Llandysul,
353
317,
Poppit Sands,
353
318,
Narberth,
336
319,
Tenby,
336
320,
Saundersfoot,
336
321,
Cardiff,
196
322,
Wetton,
61
323,
Newport (England),
75
324,
Stoke-On-Trent,
61
325,
Hitchin,
89
326,
Uttoxeter,
61
327,
Ingoldmells,
62
328,
North Somercotes,
62
329,
Mablethorpe,
62
330,
Lancaster,
64
331,
Brockhole,
79
332,
Keswick,
79
333,
Ambleside,
79
334,
Hawkshead,
79
335,
Coniston,
79
336,
Bradford,
53
337,
Birchover,
80
338,
Oostende,
24
339,
Wassenaar,
313
340,
Rotterdam,
313
341,
Den Haag,
313
342,
Leiden,
313
343,
Bodegraven,
313
344,
Gouda,
313
345,
Alkmaar,
287
346,
Zaandijk,
287
347,
Middelburg,
312
348,
Burgh-Haamstede,
312
349,
Vlissingen,
312
350,
Goes,
312
351,
Dunkirk,
93
352,
Bray-Dunes,
93
353,
Northfield,
76
354,
Staithes,
53
355,
Ennis,
440
356,
Lichfield,
61
357,
Selsey,
57
358,
Chichester,
57
359,
Bourton on the Water,
63
360,
Burford,
77
361,
Bedworth,
202
362,
Weymouth,
59
363,
Preston,
59
364,
Lulworth,
59
365,
Sutton Poyntz,
59
366,
Bovington,
59
367,
Berlin,
243
368,
Hamburg,
101
369,
Hannover,
100
370,
Köln,
27
371,
Düsseldorf,
27
372,
Grasmere,
79
373,
Ulverston,
79
374,
Glenridding,
79
375,
Oxton,
67
376,
Eastwood,
67
377,
Silema,
124
378,
Sliema,
124
379,
Valletta,
458
380,
Mellieha,
254
381,
Xewkija,
455
382,
Mgarr,
455
383,
Hucknall,
67
384,
Tonbridge,
81
385,
Hanley,
61
386,
Dartford,
81
387,
Towcester,
83
388,
Tunbridge Wells,
81
389,
Whitley Bay,
201
390,
Tranent,
153
391,
North Berwick,
153
392,
Portobello,
157
393,
Leith,
157
394,
Cockenzie,
153
395,
Sutton Coldfield,
202
396,
Matlock Bath,
80
397,
Lugano,
474
398,
Zurich,
477
399,
Newport (Wales),
198
400,
Cossall,
67
401,
Puerto del Carmen,
463
402,
Arrecife,
463
403,
Ebbw Vale,
198
404,
Duffield,
80
405,
Darley Abbey,
80
406,
Funchal,
480
407,
Porto Moniz,
3
408,
Santana,
4
409,
Paphos,
486
