Countries,Region,RegionImage
Albania,Tirane,file:///storage/sdcard0/Memento/Regions Image/Albania - Tirane.png
Argentina,Buenos Aires,file:///storage/sdcard0/Memento/Regions Image/Argentina - Buenos Aires.png
Armenia,Kotayk,file:///storage/sdcard0/Memento/Regions Image/Armenia - Kotayk.png
Australia,New South Wales,file:///storage/sdcard0/Memento/Regions Image/Australia - New South Wales.png
Australia,South Australia,file:///storage/sdcard0/Memento/Regions Image/Australia - South Australia.png
Australia,Tasmania,file:///storage/sdcard0/Memento/Regions Image/Australia - Tasmania.png
Australia,Victoria,file:///storage/sdcard0/Memento/Regions Image/Australia - Victoria.png
Australia,Western Australia,file:///storage/sdcard0/Memento/Regions Image/Australia - Western Australia.png
Austria,Lower Austria,file:///storage/sdcard0/Memento/Regions Image/Austria - Lower Austria.png
Austria,Salzburg,file:///storage/sdcard0/Memento/Regions Image/Austria - Salzburg.png
Austria,Styria,file:///storage/sdcard0/Memento/Regions Image/Austria - Styria.png
Austria,Upper Austria,file:///storage/sdcard0/Memento/Regions Image/Austria - Upper Austria.png
Austria,Wien,file:///storage/sdcard0/Memento/Regions Image/Austria - Wien.png
Barbados,Saint Michael,file:///storage/sdcard0/Memento/Regions Image/Barbados - Saint Michael.png
Barbados,Saint Peter,file:///storage/sdcard0/Memento/Regions Image/Barbados - Saint Peter.png
Belarus,Hrodna (Grodno),file:///storage/sdcard0/Memento/Regions Image/Belarus - Hrodna (Grodno).png
Belarus,Minsk,file:///storage/sdcard0/Memento/Regions Image/Belarus - Minsk.png
Belgium,Anon Belgium,file:///storage/sdcard0/Memento/Regions Image/Belgium - Anon Belgium.png
Belgium,Antwerp,file:///storage/sdcard0/Memento/Regions Image/Belgium - Antwerp.png
Belgium,Brussels,file:///storage/sdcard0/Memento/Regions Image/Belgium - Brussels.png
Belgium,East Flanders,file:///storage/sdcard0/Memento/Regions Image/Belgium - East Flanders.png
Belgium,Flemish Brabant,file:///storage/sdcard0/Memento/Regions Image/Belgium - Flemish Brabant.png
Belgium,Hainaut,file:///storage/sdcard0/Memento/Regions Image/Belgium - Hainaut.png
Belgium,Liege,file:///storage/sdcard0/Memento/Regions Image/Belgium - Liege.png
Belgium,Limburg,file:///storage/sdcard0/Memento/Regions Image/Belgium - Limburg.png
Belgium,Luxembourg,file:///storage/sdcard0/Memento/Regions Image/Belgium - Luxembourg.png
Belgium,Namur,file:///storage/sdcard0/Memento/Regions Image/Belgium - Namur.png
Belgium,Walloon Brabant,file:///storage/sdcard0/Memento/Regions Image/Belgium - Walloon Brabant.png
Belgium,West Flanders,file:///storage/sdcard0/Memento/Regions Image/Belgium - West Flanders.png
Bosnia and Herzegovina,Fed Bosnia Herzegovina,file:///storage/sdcard0/Memento/Regions Image/Bosnia and Herzegovina - Fed Bosnia Herzegovina.png
Bosnia and Herzegovina,Republika Srpska,file:///storage/sdcard0/Memento/Regions Image/Bosnia and Herzegovina - Republika Srpska.png
Brazil,Para,file:///storage/sdcard0/Memento/Regions Image/Brazil - Para.png
Brazil,Rio de Janeiro,file:///storage/sdcard0/Memento/Regions Image/Brazil - Rio de Janeiro.png
Bulgaria,Plovdiv,file:///storage/sdcard0/Memento/Regions Image/Bulgaria - Plovdiv.png
Bulgaria,Stara Zagora,file:///storage/sdcard0/Memento/Regions Image/Bulgaria - Stara Zagora.png
Cambodia,Phnom Penh,file:///storage/sdcard0/Memento/Regions Image/Cambodia - Phnom Penh.png
Canada,Alberta,file:///storage/sdcard0/Memento/Regions Image/Canada - Alberta.png
Canada,New Brunswick,file:///storage/sdcard0/Memento/Regions Image/Canada - New Brunswick.png
Canada,Ontario,file:///storage/sdcard0/Memento/Regions Image/Canada - Ontario.png
Canada,Quebec,file:///storage/sdcard0/Memento/Regions Image/Canada - Quebec.png
Chile,Santiago,file:///storage/sdcard0/Memento/Regions Image/Chile - Santiago.png
China,Beijing,file:///storage/sdcard0/Memento/Regions Image/China - Beijing.png
China,Guangdong,file:///storage/sdcard0/Memento/Regions Image/China - Guangdong.png
China,Heilongjiang,file:///storage/sdcard0/Memento/Regions Image/China - Heilongjiang.png
China,Shandong,file:///storage/sdcard0/Memento/Regions Image/China - Shandong.png
China,Shanghai,file:///storage/sdcard0/Memento/Regions Image/China - Shanghai.png
Colombia,Atlántic,file:///storage/sdcard0/Memento/Regions Image/Colombia - Atlántic.png
Croatia,Daruvar,file:///storage/sdcard0/Memento/Regions Image/Croatia - Daruvar.png
Croatia,Istarska (Istria),file:///storage/sdcard0/Memento/Regions Image/Croatia - Istarska (Istria).png
Croatia,Karlovacka (Karlovac),file:///storage/sdcard0/Memento/Regions Image/Croatia - Karlovacka (Karlovac).png
Croatia,Koprivnica-Krizevci,file:///storage/sdcard0/Memento/Regions Image/Croatia - Koprivnica-Krizevci.png
Croatia,Osijek-Baranja,file:///storage/sdcard0/Memento/Regions Image/Croatia - Osijek-Baranja.png
Croatia,Zagreb,file:///storage/sdcard0/Memento/Regions Image/Croatia - Zagreb.png
Cuba,Camaguey,file:///storage/sdcard0/Memento/Regions Image/Cuba - Camaguey.png
Cuba,Holguin,file:///storage/sdcard0/Memento/Regions Image/Cuba - Holguin.png
Cyprus,Limassol,file:///storage/sdcard0/Memento/Regions Image/Cyprus - Limassol.png
Cyprus,Nicosia,file:///storage/sdcard0/Memento/Regions Image/Cyprus - Nicosia.png
Czech Republic,Central Bohemia,file:///storage/sdcard0/Memento/Regions Image/Czech Republic - Central Bohemia.png
Czech Republic,Hradec Kralove,file:///storage/sdcard0/Memento/Regions Image/Czech Republic - Hradec Kralove.png
Czech Republic,Liberec,file:///storage/sdcard0/Memento/Regions Image/Czech Republic - Liberec.png
Czech Republic,Moravian–Silesian,file:///storage/sdcard0/Memento/Regions Image/Czech Republic - Moravian–Silesian.png
Czech Republic,Olomouc,file:///storage/sdcard0/Memento/Regions Image/Czech Republic - Olomouc.png
Czech Republic,Plzen,file:///storage/sdcard0/Memento/Regions Image/Czech Republic - Plzen.png
Czech Republic,Prague,file:///storage/sdcard0/Memento/Regions Image/Czech Republic - Prague.png
Czech Republic,South Bohemia,file:///storage/sdcard0/Memento/Regions Image/Czech Republic - South Bohemia.png
Czech Republic,South Moravia,file:///storage/sdcard0/Memento/Regions Image/Czech Republic - South Moravia.png
Czech Republic,Usti nad Labem,file:///storage/sdcard0/Memento/Regions Image/Czech Republic - Usti nad Labem.png
Czech Republic,Vysocina,file:///storage/sdcard0/Memento/Regions Image/Czech Republic - Vysocina.png
Denmark,Capital,file:///storage/sdcard0/Memento/Regions Image/Denmark - Capital.png
Denmark,Central Jutland,file:///storage/sdcard0/Memento/Regions Image/Denmark - Central Jutland.png
Denmark,North Jutland,file:///storage/sdcard0/Memento/Regions Image/Denmark - North Jutland.png
Denmark,Nyborg,file:///storage/sdcard0/Memento/Regions Image/Denmark - Nyborg.png
Denmark,Odense,file:///storage/sdcard0/Memento/Regions Image/Denmark - Odense.png
Denmark,Skåne,file:///storage/sdcard0/Memento/Regions Image/Denmark - Skåne.png
Denmark,South Jutland,file:///storage/sdcard0/Memento/Regions Image/Denmark - South Jutland.png
Denmark,Zealand,file:///storage/sdcard0/Memento/Regions Image/Denmark - Zealand.png
England,Bedfordshire,file:///storage/sdcard0/Memento/Regions Image/England - Bedfordshire.png
England,Berkshire,file:///storage/sdcard0/Memento/Regions Image/England - Berkshire.png
England,Buckinghamshire,file:///storage/sdcard0/Memento/Regions Image/England - Buckinghamshire.png
England,Cambridgeshire,file:///storage/sdcard0/Memento/Regions Image/England - Cambridgeshire.png
England,Cheshire,file:///storage/sdcard0/Memento/Regions Image/England - Cheshire.png
England,Cornwall,file:///storage/sdcard0/Memento/Regions Image/England - Cornwall.png
England,Cumberland,file:///storage/sdcard0/Memento/Regions Image/England - Cumberland.png
England,Derbyshire,file:///storage/sdcard0/Memento/Regions Image/England - Derbyshire.png
England,Devon,file:///storage/sdcard0/Memento/Regions Image/England - Devon.png
England,Dorset,file:///storage/sdcard0/Memento/Regions Image/England - Dorset.png
England,Durham,file:///storage/sdcard0/Memento/Regions Image/England - Durham.png
England,Essex,file:///storage/sdcard0/Memento/Regions Image/England - Essex.png
England,Gloucestershire,file:///storage/sdcard0/Memento/Regions Image/England - Gloucestershire.png
England,Guernsey,file:///storage/sdcard0/Memento/Regions Image/England - Guernsey.png
England,Hampshire,file:///storage/sdcard0/Memento/Regions Image/England - Hampshire.png
England,Herefordshire,file:///storage/sdcard0/Memento/Regions Image/England - Herefordshire.png
England,Hertfordshire,file:///storage/sdcard0/Memento/Regions Image/England - Hertfordshire.png
England,Isle of Wight,file:///storage/sdcard0/Memento/Regions Image/England - Isle of Wight.png
England,Jersey,file:///storage/sdcard0/Memento/Regions Image/England - Jersey.png
England,Kent,file:///storage/sdcard0/Memento/Regions Image/England - Kent.png
England,Lancashire,file:///storage/sdcard0/Memento/Regions Image/England - Lancashire.png
England,Leicestershire,file:///storage/sdcard0/Memento/Regions Image/England - Leicestershire.png
England,Lincolnshire,file:///storage/sdcard0/Memento/Regions Image/England - Lincolnshire.png
England,London,file:///storage/sdcard0/Memento/Regions Image/England - London.png
England,Middlesex,file:///storage/sdcard0/Memento/Regions Image/England - Middlesex.png
England,Norfolk,file:///storage/sdcard0/Memento/Regions Image/England - Norfolk.png
England,Northamptonshire,file:///storage/sdcard0/Memento/Regions Image/England - Northamptonshire.png
England,Northumberland,file:///storage/sdcard0/Memento/Regions Image/England - Northumberland.png
England,Nottinghamshire,file:///storage/sdcard0/Memento/Regions Image/England - Nottinghamshire.png
England,Oxfordshire,file:///storage/sdcard0/Memento/Regions Image/England - Oxfordshire.png
England,Rutland,file:///storage/sdcard0/Memento/Regions Image/England - Rutland.png
England,Shropshire,file:///storage/sdcard0/Memento/Regions Image/England - Shropshire.png
England,Somerset,file:///storage/sdcard0/Memento/Regions Image/England - Somerset.png
England,Staffordshire,file:///storage/sdcard0/Memento/Regions Image/England - Staffordshire.png
England,Suffolk,file:///storage/sdcard0/Memento/Regions Image/England - Suffolk.png
England,Surrey,file:///storage/sdcard0/Memento/Regions Image/England - Surrey.png
England,Sussex,file:///storage/sdcard0/Memento/Regions Image/England - Sussex.png
England,Unknown Eng,file:///storage/sdcard0/Memento/Regions Image/England - Unknown Eng.png
England,Warwickshire,file:///storage/sdcard0/Memento/Regions Image/England - Warwickshire.png
England,Westmorland,file:///storage/sdcard0/Memento/Regions Image/England - Westmorland.png
England,Wiltshire,file:///storage/sdcard0/Memento/Regions Image/England - Wiltshire.png
England,Worcestershire,file:///storage/sdcard0/Memento/Regions Image/England - Worcestershire.png
England,Yorkshire,file:///storage/sdcard0/Memento/Regions Image/England - Yorkshire.png
Estonia,Harju,file:///storage/sdcard0/Memento/Regions Image/Estonia - Harju.png
Estonia,Ida-Viru,file:///storage/sdcard0/Memento/Regions Image/Estonia - Ida-Viru.png
Estonia,Laane-Viru,file:///storage/sdcard0/Memento/Regions Image/Estonia - Laane-Viru.png
Estonia,Tartu,file:///storage/sdcard0/Memento/Regions Image/Estonia - Tartu.png
Ethiopia,Amhara,file:///storage/sdcard0/Memento/Regions Image/Ethiopia - Amhara.png
Finland,Lapland,file:///storage/sdcard0/Memento/Regions Image/Finland - Lapland.png
Finland,Northern Savonia,file:///storage/sdcard0/Memento/Regions Image/Finland - Northern Savonia.png
Finland,Southern Savonia,file:///storage/sdcard0/Memento/Regions Image/Finland - Southern Savonia.png
Finland,Uusimaa,file:///storage/sdcard0/Memento/Regions Image/Finland - Uusimaa.png
France,Alsace,file:///storage/sdcard0/Memento/Regions Image/France - Alsace.png
France,Île-de-France,file:///storage/sdcard0/Memento/Regions Image/France - Île-de-France.png
France,Corsica,file:///storage/sdcard0/Memento/Regions Image/France - Corsica.png
France,Languedoc-Roussillon,file:///storage/sdcard0/Memento/Regions Image/France - Languedoc-Roussillon.png
France,Lorraine,file:///storage/sdcard0/Memento/Regions Image/France - Lorraine.png
France,Nord-Pas-de-Calais,file:///storage/sdcard0/Memento/Regions Image/France - Nord-Pas-de-Calais.png
France,Picardie,file:///storage/sdcard0/Memento/Regions Image/France - Picardie.png
French Polynesia,Tahiti,file:///storage/sdcard0/Memento/Regions Image/French Polynesia - Tahiti.png
Germany,Anon Germany,file:///storage/sdcard0/Memento/Regions Image/Germany - Anon Germany.png
Germany,Baden Wurttemberg,file:///storage/sdcard0/Memento/Regions Image/Germany - Baden Wurttemberg.png
Germany,Bayern,file:///storage/sdcard0/Memento/Regions Image/Germany - Bayern.png
Germany,Berlin,file:///storage/sdcard0/Memento/Regions Image/Germany - Berlin.png
Germany,Bremen,file:///storage/sdcard0/Memento/Regions Image/Germany - Bremen.png
Germany,Hamburg,file:///storage/sdcard0/Memento/Regions Image/Germany - Hamburg.png
Germany,Hessen,file:///storage/sdcard0/Memento/Regions Image/Germany - Hessen.png
Germany,Niedersachsen,file:///storage/sdcard0/Memento/Regions Image/Germany - Niedersachsen.png
Germany,Nordrhein-Westfalen,file:///storage/sdcard0/Memento/Regions Image/Germany - Nordrhein-Westfalen.png
Germany,Rheinland-Pfalz,file:///storage/sdcard0/Memento/Regions Image/Germany - Rheinland-Pfalz.png
Germany,Saarland,file:///storage/sdcard0/Memento/Regions Image/Germany - Saarland.png
Germany,Sachsen-Anhalt,file:///storage/sdcard0/Memento/Regions Image/Germany - Sachsen-Anhalt.png
Germany,Schleswig-Holstein,file:///storage/sdcard0/Memento/Regions Image/Germany - Schleswig-Holstein.png
Germany,Thüringen,file:///storage/sdcard0/Memento/Regions Image/Germany - Thüringen.png
Greece,Makedonia,file:///storage/sdcard0/Memento/Regions Image/Greece - Makedonia.png
Greece,Sterea Ellada,file:///storage/sdcard0/Memento/Regions Image/Greece - Sterea Ellada.png
Greece,Thraki,file:///storage/sdcard0/Memento/Regions Image/Greece - Thraki.png
Hungary,Bács-Kiskun,file:///storage/sdcard0/Memento/Regions Image/Hungary - Bács-Kiskun.png
Hungary,Békés,file:///storage/sdcard0/Memento/Regions Image/Hungary - Békés.png
Hungary,Baranya,file:///storage/sdcard0/Memento/Regions Image/Hungary - Baranya.png
Hungary,Borsod-Abaúj-Zemplén,file:///storage/sdcard0/Memento/Regions Image/Hungary - Borsod-Abaúj-Zemplén.png
Hungary,Budapest,file:///storage/sdcard0/Memento/Regions Image/Hungary - Budapest.png
Hungary,Gyor-Moson-Sopron,file:///storage/sdcard0/Memento/Regions Image/Hungary - Gyor-Moson-Sopron.png
Hungary,Pest,file:///storage/sdcard0/Memento/Regions Image/Hungary - Pest.png
Iceland,Norourland Eystra,file:///storage/sdcard0/Memento/Regions Image/Iceland - Norourland Eystra.png
India,Karnataka,file:///storage/sdcard0/Memento/Regions Image/India - Karnataka.png
Indonesia,Jakarta Raya,file:///storage/sdcard0/Memento/Regions Image/Indonesia - Jakarta Raya.png
Iran,Tehran,file:///storage/sdcard0/Memento/Regions Image/Iran - Tehran.png
Isle of Man,Middle,file:///storage/sdcard0/Memento/Regions Image/Isle of Man - Middle.png
Israel,HaMerkaz,file:///storage/sdcard0/Memento/Regions Image/Israel - HaMerkaz.png
Italy,Emilia-Romagna,file:///storage/sdcard0/Memento/Regions Image/Italy - Emilia-Romagna.png
Italy,Friuli-Venezia-Giulia,file:///storage/sdcard0/Memento/Regions Image/Italy - Friuli-Venezia-Giulia.png
Italy,Lazio,file:///storage/sdcard0/Memento/Regions Image/Italy - Lazio.png
Italy,Lombardy,file:///storage/sdcard0/Memento/Regions Image/Italy - Lombardy.png
Italy,Marche,file:///storage/sdcard0/Memento/Regions Image/Italy - Marche.png
Italy,Piedmont,file:///storage/sdcard0/Memento/Regions Image/Italy - Piedmont.png
Italy,Trentino-Alto,file:///storage/sdcard0/Memento/Regions Image/Italy - Trentino-Alto.png
Jamaica,Kingston,file:///storage/sdcard0/Memento/Regions Image/Jamaica - Kingston.png
Japan,Ibaraki,file:///storage/sdcard0/Memento/Regions Image/Japan - Ibaraki.png
Japan,Kanagawa,file:///storage/sdcard0/Memento/Regions Image/Japan - Kanagawa.png
Japan,Tokyo,file:///storage/sdcard0/Memento/Regions Image/Japan - Tokyo.png
Kazakhstan,Karagandy,file:///storage/sdcard0/Memento/Regions Image/Kazakhstan - Karagandy.png
Kenya,Nairobi,file:///storage/sdcard0/Memento/Regions Image/Kenya - Nairobi.png
Laos,Vientiane,file:///storage/sdcard0/Memento/Regions Image/Laos - Vientiane.png
Latvia,Cesis,file:///storage/sdcard0/Memento/Regions Image/Latvia - Cesis.png
Latvia,Riga,file:///storage/sdcard0/Memento/Regions Image/Latvia - Riga.png
Lebanon,Beirut,file:///storage/sdcard0/Memento/Regions Image/Lebanon - Beirut.png
Lithuania,Kaunas,file:///storage/sdcard0/Memento/Regions Image/Lithuania - Kaunas.png
Lithuania,Klaipeda,file:///storage/sdcard0/Memento/Regions Image/Lithuania - Klaipeda.png
Lithuania,Panevezys,file:///storage/sdcard0/Memento/Regions Image/Lithuania - Panevezys.png
Lithuania,Siauliai,file:///storage/sdcard0/Memento/Regions Image/Lithuania - Siauliai.png
Lithuania,Utena,file:///storage/sdcard0/Memento/Regions Image/Lithuania - Utena.png
Lithuania,Vilniaus,file:///storage/sdcard0/Memento/Regions Image/Lithuania - Vilniaus.png
Luxembourg,Diekirch,file:///storage/sdcard0/Memento/Regions Image/Luxembourg - Diekirch.png
Luxembourg,Esch-sur-Alzette,file:///storage/sdcard0/Memento/Regions Image/Luxembourg - Esch-sur-Alzette.png
Madeira,Camara de Lobos,file:///storage/sdcard0/Memento/Regions Image/Madeira - Camara de Lobos.png
Malta,Mriehel,file:///storage/sdcard0/Memento/Regions Image/Malta - Mriehel.png
Mauritius,Pont Fer,file:///storage/sdcard0/Memento/Regions Image/Mauritius - Pont Fer.png
Mexico,Baja California,file:///storage/sdcard0/Memento/Regions Image/Mexico - Baja California.png
Mexico,México DF,file:///storage/sdcard0/Memento/Regions Image/Mexico - México DF.png
Mexico,Nuevo León,file:///storage/sdcard0/Memento/Regions Image/Mexico - Nuevo León.png
Mexico,Sinaloa,file:///storage/sdcard0/Memento/Regions Image/Mexico - Sinaloa.png
Mexico,Veracruz-Llave,file:///storage/sdcard0/Memento/Regions Image/Mexico - Veracruz-Llave.png
Mongolia,Ulaanbaatar,file:///storage/sdcard0/Memento/Regions Image/Mongolia - Ulaanbaatar.png
Montenegro,Niksic,file:///storage/sdcard0/Memento/Regions Image/Montenegro - Niksic.png
Morocco,Casablanca,file:///storage/sdcard0/Memento/Regions Image/Morocco - Casablanca.png
Mozambique,Maputo,file:///storage/sdcard0/Memento/Regions Image/Mozambique - Maputo.png
Namibia,Windhock,file:///storage/sdcard0/Memento/Regions Image/Namibia - Windhock.png
Nepal,Kathmandu,file:///storage/sdcard0/Memento/Regions Image/Nepal - Kathmandu.png
Netherlands,Gelderland,file:///storage/sdcard0/Memento/Regions Image/Netherlands - Gelderland.png
Netherlands,Limburg (Netherlands),file:///storage/sdcard0/Memento/Regions Image/Netherlands - Limburg (Netherlands).png
Netherlands,Noord-Holland,file:///storage/sdcard0/Memento/Regions Image/Netherlands - Noord-Holland.png
Netherlands,North Brabant,file:///storage/sdcard0/Memento/Regions Image/Netherlands - North Brabant.png
Netherlands,Overijssel,file:///storage/sdcard0/Memento/Regions Image/Netherlands - Overijssel.png
Netherlands,Utrecht,file:///storage/sdcard0/Memento/Regions Image/Netherlands - Utrecht.png
Netherlands,Zeeland,file:///storage/sdcard0/Memento/Regions Image/Netherlands - Zeeland.png
Netherlands,Zuid-Holland,file:///storage/sdcard0/Memento/Regions Image/Netherlands - Zuid-Holland.png
New Zealand,Auckland,file:///storage/sdcard0/Memento/Regions Image/New Zealand - Auckland.png
New Zealand,Canterbury,file:///storage/sdcard0/Memento/Regions Image/New Zealand - Canterbury.png
New Zealand,Marlborough,file:///storage/sdcard0/Memento/Regions Image/New Zealand - Marlborough.png
New Zealand,Nelson,file:///storage/sdcard0/Memento/Regions Image/New Zealand - Nelson.png
New Zealand,Otago,file:///storage/sdcard0/Memento/Regions Image/New Zealand - Otago.png
New Zealand,Wellington,file:///storage/sdcard0/Memento/Regions Image/New Zealand - Wellington.png
New Zealand,West Coast,file:///storage/sdcard0/Memento/Regions Image/New Zealand - West Coast.png
Nigeria,Lagos,file:///storage/sdcard0/Memento/Regions Image/Nigeria - Lagos.png
Northern Ireland,County Antrim,file:///storage/sdcard0/Memento/Regions Image/Northern Ireland - County Antrim.png
Northern Ireland,County Down,file:///storage/sdcard0/Memento/Regions Image/Northern Ireland - County Down.png
Norway,Buskerud,file:///storage/sdcard0/Memento/Regions Image/Norway - Buskerud.png
Norway,Grimstad,file:///storage/sdcard0/Memento/Regions Image/Norway - Grimstad.png
Norway,Oslo,file:///storage/sdcard0/Memento/Regions Image/Norway - Oslo.png
Norway,Rogaland,file:///storage/sdcard0/Memento/Regions Image/Norway - Rogaland.png
Palestine,Ramallah,file:///storage/sdcard0/Memento/Regions Image/Palestine - Ramallah.png
Peru,Arequipa,file:///storage/sdcard0/Memento/Regions Image/Peru - Arequipa.png
Philippines,Manila,file:///storage/sdcard0/Memento/Regions Image/Philippines - Manila.png
Poland,Łomża,file:///storage/sdcard0/Memento/Regions Image/Poland - Łomża.png
Poland,Białystok,file:///storage/sdcard0/Memento/Regions Image/Poland - Białystok.png
Poland,Brzesko,file:///storage/sdcard0/Memento/Regions Image/Poland - Brzesko.png
Poland,Elbląg,file:///storage/sdcard0/Memento/Regions Image/Poland - Elbląg.png
Poland,Gdańsk,file:///storage/sdcard0/Memento/Regions Image/Poland - Gdańsk.png
Poland,Jedrzejów,file:///storage/sdcard0/Memento/Regions Image/Poland - Jedrzejów.png
Poland,Koszalin,file:///storage/sdcard0/Memento/Regions Image/Poland - Koszalin.png
Poland,Krakow,file:///storage/sdcard0/Memento/Regions Image/Poland - Krakow.png
Poland,Lezajsk,file:///storage/sdcard0/Memento/Regions Image/Poland - Lezajsk.png
Poland,Lublin Voivodeship,file:///storage/sdcard0/Memento/Regions Image/Poland - Lublin Voivodeship.png
Poland,Namysłów,file:///storage/sdcard0/Memento/Regions Image/Poland - Namysłów.png
Poland,Olsztyn,file:///storage/sdcard0/Memento/Regions Image/Poland - Olsztyn.png
Poland,Poznań,file:///storage/sdcard0/Memento/Regions Image/Poland - Poznań.png
Poland,Rakszawa,file:///storage/sdcard0/Memento/Regions Image/Poland - Rakszawa.png
Poland,Tychy,file:///storage/sdcard0/Memento/Regions Image/Poland - Tychy.png
Poland,Warka,file:///storage/sdcard0/Memento/Regions Image/Poland - Warka.png
Poland,Warszawa,file:///storage/sdcard0/Memento/Regions Image/Poland - Warszawa.png
Poland,Zywiec,file:///storage/sdcard0/Memento/Regions Image/Poland - Zywiec.png
Portugal,Lisboa,file:///storage/sdcard0/Memento/Regions Image/Portugal - Lisboa.png
Portugal,Vialonga,file:///storage/sdcard0/Memento/Regions Image/Portugal - Vialonga.png
Portugal,Viseu,file:///storage/sdcard0/Memento/Regions Image/Portugal - Viseu.png
Republic of Ireland,County Carlow,file:///storage/sdcard0/Memento/Regions Image/Republic of Ireland - County Carlow.png
Republic of Ireland,County Cork,file:///storage/sdcard0/Memento/Regions Image/Republic of Ireland - County Cork.png
Republic of Ireland,County Donegal,file:///storage/sdcard0/Memento/Regions Image/Republic of Ireland - County Donegal.png
Republic of Ireland,County Dublin,file:///storage/sdcard0/Memento/Regions Image/Republic of Ireland - County Dublin.png
Republic of Ireland,County Galway,file:///storage/sdcard0/Memento/Regions Image/Republic of Ireland - County Galway.png
Republic of Ireland,County Kildare,file:///storage/sdcard0/Memento/Regions Image/Republic of Ireland - County Kildare.png
Republic of Ireland,County Kilkenny,file:///storage/sdcard0/Memento/Regions Image/Republic of Ireland - County Kilkenny.png
Republic of Ireland,County Louth,file:///storage/sdcard0/Memento/Regions Image/Republic of Ireland - County Louth.png
Republic of Ireland,County Meath,file:///storage/sdcard0/Memento/Regions Image/Republic of Ireland - County Meath.png
Republic of Ireland,County Roscommon,file:///storage/sdcard0/Memento/Regions Image/Republic of Ireland - County Roscommon.png
Republic of Ireland,County Tipperary,file:///storage/sdcard0/Memento/Regions Image/Republic of Ireland - County Tipperary.png
Republic of Ireland,County Waterford,file:///storage/sdcard0/Memento/Regions Image/Republic of Ireland - County Waterford.png
Romania,Baia Mare,file:///storage/sdcard0/Memento/Regions Image/Romania - Baia Mare.png
Romania,Brasov,file:///storage/sdcard0/Memento/Regions Image/Romania - Brasov.png
Romania,Harghita,file:///storage/sdcard0/Memento/Regions Image/Romania - Harghita.png
Russia,Moscow Oblast,file:///storage/sdcard0/Memento/Regions Image/Russia - Moscow Oblast.png
Russia,Northwestern,file:///storage/sdcard0/Memento/Regions Image/Russia - Northwestern.png
Russia,Samara Oblast,file:///storage/sdcard0/Memento/Regions Image/Russia - Samara Oblast.png
Scotland,Aberdeenshire,file:///storage/sdcard0/Memento/Regions Image/Scotland - Aberdeenshire.png
Scotland,Argyllshire,file:///storage/sdcard0/Memento/Regions Image/Scotland - Argyllshire.png
Scotland,Ayrshire,file:///storage/sdcard0/Memento/Regions Image/Scotland - Ayrshire.png
Scotland,Clackmannanshire,file:///storage/sdcard0/Memento/Regions Image/Scotland - Clackmannanshire.png
Scotland,Dunbartonshire,file:///storage/sdcard0/Memento/Regions Image/Scotland - Dunbartonshire.png
Scotland,East Lothian,file:///storage/sdcard0/Memento/Regions Image/Scotland - East Lothian.png
Scotland,Fife,file:///storage/sdcard0/Memento/Regions Image/Scotland - Fife.png
Scotland,Inverness-shire,file:///storage/sdcard0/Memento/Regions Image/Scotland - Inverness-shire.png
Scotland,Isle of Arran,file:///storage/sdcard0/Memento/Regions Image/Scotland - Isle of Arran.png
Scotland,Isle of Skye,file:///storage/sdcard0/Memento/Regions Image/Scotland - Isle of Skye.png
Scotland,Kirkcudbrightshire,file:///storage/sdcard0/Memento/Regions Image/Scotland - Kirkcudbrightshire.png
Scotland,Lanarkshire,file:///storage/sdcard0/Memento/Regions Image/Scotland - Lanarkshire.png
Scotland,Midlothian,file:///storage/sdcard0/Memento/Regions Image/Scotland - Midlothian.png
Scotland,Morayshire,file:///storage/sdcard0/Memento/Regions Image/Scotland - Morayshire.png
Scotland,Orkney Island,file:///storage/sdcard0/Memento/Regions Image/Scotland - Orkney Island.png
Scotland,Peeblesshire,file:///storage/sdcard0/Memento/Regions Image/Scotland - Peeblesshire.png
Scotland,Perthshire,file:///storage/sdcard0/Memento/Regions Image/Scotland - Perthshire.png
Scotland,Renfrewshire,file:///storage/sdcard0/Memento/Regions Image/Scotland - Renfrewshire.png
Scotland,Ross-Shire,file:///storage/sdcard0/Memento/Regions Image/Scotland - Ross-Shire.png
Scotland,Roxburghshire,file:///storage/sdcard0/Memento/Regions Image/Scotland - Roxburghshire.png
Scotland,Shetland,file:///storage/sdcard0/Memento/Regions Image/Scotland - Shetland.png
Scotland,Stirlingshire,file:///storage/sdcard0/Memento/Regions Image/Scotland - Stirlingshire.png
Scotland,West Lothian,file:///storage/sdcard0/Memento/Regions Image/Scotland - West Lothian.png
Serbia,Novi Sad,file:///storage/sdcard0/Memento/Regions Image/Serbia - Novi Sad.png
Singapore,Singapore,file:///storage/sdcard0/Memento/Regions Image/Singapore - Singapore.png
Slovakia,Bratislava,file:///storage/sdcard0/Memento/Regions Image/Slovakia - Bratislava.png
Slovakia,Bytča,file:///storage/sdcard0/Memento/Regions Image/Slovakia - Bytča.png
Slovakia,Hurbanovo,file:///storage/sdcard0/Memento/Regions Image/Slovakia - Hurbanovo.png
Slovakia,Košice,file:///storage/sdcard0/Memento/Regions Image/Slovakia - Košice.png
Slovakia,Topolcany,file:///storage/sdcard0/Memento/Regions Image/Slovakia - Topolcany.png
Slovakia,Veľký Šariš,file:///storage/sdcard0/Memento/Regions Image/Slovakia - Veľký Šariš.png
Slovakia,Vyhne,file:///storage/sdcard0/Memento/Regions Image/Slovakia - Vyhne.png
Slovenia,Laśko,file:///storage/sdcard0/Memento/Regions Image/Slovenia - Laśko.png
Slovenia,Ljubljana,file:///storage/sdcard0/Memento/Regions Image/Slovenia - Ljubljana.png
South Africa,Cape Town,file:///storage/sdcard0/Memento/Regions Image/South Africa - Cape Town.png
South Africa,Knysna,file:///storage/sdcard0/Memento/Regions Image/South Africa - Knysna.png
South Africa,Sandton,file:///storage/sdcard0/Memento/Regions Image/South Africa - Sandton.png
South Africa,Shongweni,file:///storage/sdcard0/Memento/Regions Image/South Africa - Shongweni.png
South Africa,Stanford,file:///storage/sdcard0/Memento/Regions Image/South Africa - Stanford.png
South Korea,Seoul,file:///storage/sdcard0/Memento/Regions Image/South Korea - Seoul.png
Spain,Andalusia,file:///storage/sdcard0/Memento/Regions Image/Spain - Andalusia.png
Spain,Aragon,file:///storage/sdcard0/Memento/Regions Image/Spain - Aragon.png
Spain,Balearic Islands,file:///storage/sdcard0/Memento/Regions Image/Spain - Balearic Islands.png
Spain,Cantabria,file:///storage/sdcard0/Memento/Regions Image/Spain - Cantabria.png
Spain,Castile-La Mancha,file:///storage/sdcard0/Memento/Regions Image/Spain - Castile-La Mancha.png
Spain,Castile-Leon,file:///storage/sdcard0/Memento/Regions Image/Spain - Castile-Leon.png
Spain,Catalonia,file:///storage/sdcard0/Memento/Regions Image/Spain - Catalonia.png
Spain,Extremadura,file:///storage/sdcard0/Memento/Regions Image/Spain - Extremadura.png
Spain,Galicia,file:///storage/sdcard0/Memento/Regions Image/Spain - Galicia.png
Spain,Madrid,file:///storage/sdcard0/Memento/Regions Image/Spain - Madrid.png
Spain,Navarre,file:///storage/sdcard0/Memento/Regions Image/Spain - Navarre.png
Spain,Valencia,file:///storage/sdcard0/Memento/Regions Image/Spain - Valencia.png
Sri Lanka,Biyagama,file:///storage/sdcard0/Memento/Regions Image/Sri Lanka - Biyagama.png
Sweden,Örebro,file:///storage/sdcard0/Memento/Regions Image/Sweden - Örebro.png
Sweden,Gotland,file:///storage/sdcard0/Memento/Regions Image/Sweden - Gotland.png
Sweden,Halland,file:///storage/sdcard0/Memento/Regions Image/Sweden - Halland.png
Sweden,Kalmar,file:///storage/sdcard0/Memento/Regions Image/Sweden - Kalmar.png
Sweden,Sodermanland,file:///storage/sdcard0/Memento/Regions Image/Sweden - Sodermanland.png
Sweden,Stockholm,file:///storage/sdcard0/Memento/Regions Image/Sweden - Stockholm.png
Sweden,Uppsala,file:///storage/sdcard0/Memento/Regions Image/Sweden - Uppsala.png
Sweden,Vasternorrland,file:///storage/sdcard0/Memento/Regions Image/Sweden - Vasternorrland.png
Sweden,Vastra Gotaland,file:///storage/sdcard0/Memento/Regions Image/Sweden - Vastra Gotaland.png
Switzerland,Appenzell,file:///storage/sdcard0/Memento/Regions Image/Switzerland - Appenzell.png
Switzerland,Fribourg,file:///storage/sdcard0/Memento/Regions Image/Switzerland - Fribourg.png
Switzerland,Luusanne,file:///storage/sdcard0/Memento/Regions Image/Switzerland - Luusanne.png
Switzerland,Rheinfelden,file:///storage/sdcard0/Memento/Regions Image/Switzerland - Rheinfelden.png
Switzerland,Romanel/Lausanne,file:///storage/sdcard0/Memento/Regions Image/Switzerland - Romanel/Lausanne.png
Taiwan,Taipei,file:///storage/sdcard0/Memento/Regions Image/Taiwan - Taipei.png
Tanzania,Dar-es-Sala'am,file:///storage/sdcard0/Memento/Regions Image/Tanzania - Dar-es-Sala'am.png
Thailand,Bangkok,file:///storage/sdcard0/Memento/Regions Image/Thailand - Bangkok.png
Thailand,Pathumthani,file:///storage/sdcard0/Memento/Regions Image/Thailand - Pathumthani.png
Trinidad and Tobago,Port of Spain,file:///storage/sdcard0/Memento/Regions Image/Trinidad and Tobago - Port of Spain.png
Turkey,Istanbul,file:///storage/sdcard0/Memento/Regions Image/Turkey - Istanbul.png
Turkey,Izmir,file:///storage/sdcard0/Memento/Regions Image/Turkey - Izmir.png
Turkey,Manavgat,file:///storage/sdcard0/Memento/Regions Image/Turkey - Manavgat.png
Turkey,Yozgat,file:///storage/sdcard0/Memento/Regions Image/Turkey - Yozgat.png
Uganda,Kampala,file:///storage/sdcard0/Memento/Regions Image/Uganda - Kampala.png
Ukraine,Kharkov,file:///storage/sdcard0/Memento/Regions Image/Ukraine - Kharkov.png
Ukraine,Kyiv,file:///storage/sdcard0/Memento/Regions Image/Ukraine - Kyiv.png
Ukraine,Radomyshl,file:///storage/sdcard0/Memento/Regions Image/Ukraine - Radomyshl.png
USA,Alaska,file:///storage/sdcard0/Memento/Regions Image/USA - Alaska.png
USA,Arizona,file:///storage/sdcard0/Memento/Regions Image/USA - Arizona.png
USA,California,file:///storage/sdcard0/Memento/Regions Image/USA - California.png
USA,Colorado,file:///storage/sdcard0/Memento/Regions Image/USA - Colorado.png
USA,Connecticut,file:///storage/sdcard0/Memento/Regions Image/USA - Connecticut.png
USA,Delaware,file:///storage/sdcard0/Memento/Regions Image/USA - Delaware.png
USA,Florida,file:///storage/sdcard0/Memento/Regions Image/USA - Florida.png
USA,Georgia,file:///storage/sdcard0/Memento/Regions Image/USA - Georgia.png
USA,Hawaii,file:///storage/sdcard0/Memento/Regions Image/USA - Hawaii.png
USA,Illinois,file:///storage/sdcard0/Memento/Regions Image/USA - Illinois.png
USA,Kentucky,file:///storage/sdcard0/Memento/Regions Image/USA - Kentucky.png
USA,Louisiana,file:///storage/sdcard0/Memento/Regions Image/USA - Louisiana.png
USA,Maine,file:///storage/sdcard0/Memento/Regions Image/USA - Maine.png
USA,Maryland,file:///storage/sdcard0/Memento/Regions Image/USA - Maryland.png
USA,Massachusetts,file:///storage/sdcard0/Memento/Regions Image/USA - Massachusetts.png
USA,Michigan,file:///storage/sdcard0/Memento/Regions Image/USA - Michigan.png
USA,Missouri,file:///storage/sdcard0/Memento/Regions Image/USA - Missouri.png
USA,Montana,file:///storage/sdcard0/Memento/Regions Image/USA - Montana.png
USA,Nevada,file:///storage/sdcard0/Memento/Regions Image/USA - Nevada.png
USA,New Hampshire,file:///storage/sdcard0/Memento/Regions Image/USA - New Hampshire.png
USA,New Jersey,file:///storage/sdcard0/Memento/Regions Image/USA - New Jersey.png
USA,New York,file:///storage/sdcard0/Memento/Regions Image/USA - New York.png
USA,North Carolina,file:///storage/sdcard0/Memento/Regions Image/USA - North Carolina.png
USA,Ohio,file:///storage/sdcard0/Memento/Regions Image/USA - Ohio.png
USA,Oklahoma,file:///storage/sdcard0/Memento/Regions Image/USA - Oklahoma.png
USA,Oregon,file:///storage/sdcard0/Memento/Regions Image/USA - Oregon.png
USA,Pennsylvania,file:///storage/sdcard0/Memento/Regions Image/USA - Pennsylvania.png
USA,South Carolina,file:///storage/sdcard0/Memento/Regions Image/USA - South Carolina.png
USA,Utah,file:///storage/sdcard0/Memento/Regions Image/USA - Utah.png
USA,Vermont,file:///storage/sdcard0/Memento/Regions Image/USA - Vermont.png
USA,Virginia,file:///storage/sdcard0/Memento/Regions Image/USA - Virginia.png
USA,Washington,file:///storage/sdcard0/Memento/Regions Image/USA - Washington.png
USA,Wisconsin,file:///storage/sdcard0/Memento/Regions Image/USA - Wisconsin.png
Vietnam,Hanoi,file:///storage/sdcard0/Memento/Regions Image/Vietnam - Hanoi.png
Vietnam,Hue,file:///storage/sdcard0/Memento/Regions Image/Vietnam - Hue.png
Vietnam,Saigon,file:///storage/sdcard0/Memento/Regions Image/Vietnam - Saigon.png
Wales,Brecknockshire,file:///storage/sdcard0/Memento/Regions Image/Wales - Brecknockshire.png
Wales,Caernarfonshire,file:///storage/sdcard0/Memento/Regions Image/Wales - Caernarfonshire.png
Wales,Cardiganshire,file:///storage/sdcard0/Memento/Regions Image/Wales - Cardiganshire.png
Wales,Carmarthenshire,file:///storage/sdcard0/Memento/Regions Image/Wales - Carmarthenshire.png
Wales,Clwyd,file:///storage/sdcard0/Memento/Regions Image/Wales - Clwyd.png
Wales,Denbighshire,file:///storage/sdcard0/Memento/Regions Image/Wales - Denbighshire.png
Wales,Flintshire,file:///storage/sdcard0/Memento/Regions Image/Wales - Flintshire.png
Wales,Glamorgan,file:///storage/sdcard0/Memento/Regions Image/Wales - Glamorgan.png
Wales,Monmouthshire,file:///storage/sdcard0/Memento/Regions Image/Wales - Monmouthshire.png
Wales,Montgomeryshire,file:///storage/sdcard0/Memento/Regions Image/Wales - Montgomeryshire.png
Wales,Pembrokeshire,file:///storage/sdcard0/Memento/Regions Image/Wales - Pembrokeshire.png
Zimbabwe,Harare,file:///storage/sdcard0/Memento/Regions Image/Zimbabwe - Harare.png
